{"cameraMode":{"drawMode":0,"name":"Shaded","section":"Shading Mode"},"sceneLighting":true,"audioPlay":true,"sceneViewState":{"showFog":true,"showMaterialUpdate":false,"showSkybox":true,"showFlares":true,"showImageEffects":true,"showParticleSystems":true},"in2DMode":false,"pivot":{"x":0.7112617492675781,"y":1.6862667798995972,"z":1.470291018486023},"rotation":{"x":-0.01522108819335699,"y":0.8641425371170044,"z":-0.026206469163298608,"w":-0.5024252533912659},"size":8.428363800048829,"orthographic":false}